{"cameraMode":{"drawMode":0,"name":"Shaded","section":"Shading Mode"},"sceneLighting":false,"audioPlay":false,"sceneViewState":{"showFog":true,"showMaterialUpdate":false,"showSkybox":false,"showFlares":true,"showImageEffects":true,"showParticleSystems":true},"in2DMode":false,"pivot":{"x":-0.26224201917648318,"y":2.772231101989746,"z":5.224440097808838},"rotation":{"x":-0.012318193912506104,"y":0.9863645434379578,"z":-0.13880282640457154,"w":-0.0875619426369667},"size":7.040301322937012,"orthographic":false}