{"cameraMode":{"drawMode":0,"name":"Shaded","section":"Shading Mode"},"sceneLighting":false,"audioPlay":false,"sceneViewState":{"showFog":true,"showMaterialUpdate":false,"showSkybox":false,"showFlares":true,"showImageEffects":true,"showParticleSystems":true},"in2DMode":false,"pivot":{"x":7.666760444641113,"y":7.48569917678833,"z":-3.8605995178222658},"rotation":{"x":0.2871223986148834,"y":-0.40322139859199526,"z":0.1348818689584732,"w":0.8583589792251587},"size":4.911591529846191,"orthographic":false}