{"cameraMode":{"drawMode":0,"name":"Shaded","section":"Shading Mode"},"sceneLighting":false,"audioPlay":false,"sceneViewState":{"showFog":true,"showMaterialUpdate":false,"showSkybox":false,"showFlares":true,"showImageEffects":true,"showParticleSystems":true},"in2DMode":false,"pivot":{"x":0.1094633936882019,"y":3.089740753173828,"z":-7.343851566314697},"rotation":{"x":-0.1189330667257309,"y":0.4489014744758606,"z":-0.06042851135134697,"w":-0.8835670351982117},"size":16.25338363647461,"orthographic":false}