{"cameraMode":{"drawMode":0,"name":"Shaded","section":"Shading Mode"},"sceneLighting":false,"audioPlay":false,"sceneViewState":{"showFog":true,"showMaterialUpdate":false,"showSkybox":false,"showFlares":true,"showImageEffects":true,"showParticleSystems":true},"in2DMode":false,"pivot":{"x":-2.0284509658813478,"y":6.419151306152344,"z":10.839351654052735},"rotation":{"x":-0.004228996578603983,"y":0.9624437093734741,"z":-0.2710326910018921,"w":-0.015017201192677021},"size":10.494160652160645,"orthographic":false}