{"cameraMode":{"drawMode":0,"name":"Shaded","section":"Shading Mode"},"sceneLighting":false,"audioPlay":false,"sceneViewState":{"showFog":true,"showMaterialUpdate":false,"showSkybox":false,"showFlares":true,"showImageEffects":true,"showParticleSystems":true},"in2DMode":false,"pivot":{"x":0.1094633936882019,"y":3.089740753173828,"z":-7.343851566314697},"rotation":{"x":-0.11893308162689209,"y":0.44890153408050539,"z":-0.060428518801927569,"w":-0.8835671544075012},"size":16.25338363647461,"orthographic":false}