{"cameraMode":{"drawMode":0,"name":"Shaded","section":"Shading Mode"},"sceneLighting":false,"audioPlay":false,"sceneViewState":{"showFog":true,"showMaterialUpdate":false,"showSkybox":false,"showFlares":true,"showImageEffects":true,"showParticleSystems":true},"in2DMode":false,"pivot":{"x":-3.2300002574920656,"y":-0.5333333611488342,"z":25.333328247070314},"rotation":{"x":0.13005506992340089,"y":0.0336238369345665,"z":-0.004411785863339901,"w":0.9909267425537109},"size":5.489078998565674,"orthographic":false}