{"cameraMode":{"drawMode":0,"name":"Shaded","section":"Shading Mode"},"sceneLighting":false,"audioPlay":false,"sceneViewState":{"showFog":true,"showMaterialUpdate":false,"showSkybox":false,"showFlares":true,"showImageEffects":true,"showParticleSystems":true},"in2DMode":false,"pivot":{"x":-4.438453197479248,"y":15.775919914245606,"z":25.27760887145996},"rotation":{"x":-0.004386491142213345,"y":0.9930664896965027,"z":-0.11068529635667801,"w":-0.03935163468122482},"size":21.229114532470704,"orthographic":true}