{"cameraMode":{"drawMode":0,"name":"Shaded","section":"Shading Mode"},"sceneLighting":false,"audioPlay":false,"sceneViewState":{"showFog":true,"showMaterialUpdate":false,"showSkybox":false,"showFlares":true,"showImageEffects":true,"showParticleSystems":true},"in2DMode":false,"pivot":{"x":1.7570390701293946,"y":0.6713851690292358,"z":-0.8971532583236694},"rotation":{"x":0.005962341092526913,"y":0.9829850792884827,"z":-0.18070551753044129,"w":0.0324101448059082},"size":7.774209022521973,"orthographic":false}